[H]c1nc(N([H])C(=O)C(C([H])([H])[H])(C([H])([H])[H])C([H])([H])[H])c([H])c(N([H])C(=O)c2c(Cl)c([H])c([H])c([H])c2Cl)c1[H],[H]c1nc(N([H])C(=O)c2c([H])c([H])c([H])c([H])c2[H])c([H])c(N([H])C(=O)c2c(Cl)c([H])c([H])c([H])c2Cl)c1[H]
[H]c1nc(N([H])C(=O)C(C([H])([H])[H])(C([H])([H])[H])C([H])([H])[H])c([H])c(N([H])C(=O)c2c(Cl)c([H])c([H])c([H])c2Cl)c1[H],[H]c1nc(N([H])C(=O)OC([H])([H])[H])c([H])c(N([H])C(=O)c2c(Cl)c([H])c([H])c([H])c2Cl)c1[H]
[H]c1nc(N([H])C(=O)C(C([H])([H])[H])(C([H])([H])[H])C([H])([H])[H])c([H])c(N([H])C(=O)c2c(Cl)c([H])c([H])c([H])c2Cl)c1[H],[H]c1nc(N([H])C(=O)[C@@]2([H])C([H])([H])[C@@]2([H])C([H])([H])[H])c([H])c(N([H])C(=O)c2c(Cl)c([H])c([H])c([H])c2Cl)c1[H]
[H]c1nc(N([H])C(=O)C(C([H])([H])[H])(C([H])([H])[H])C([H])([H])[H])c([H])c(N([H])C(=O)c2c(Cl)c([H])c([H])c([H])c2Cl)c1[H],[H]c1nc(N([H])C(=O)C([H])(C([H])([H])[H])C([H])([H])[H])c([H])c(N([H])C(=O)c2c(Cl)c([H])c([H])c([H])c2Cl)c1[H]
[H]c1nc(N([H])C(=O)C(C([H])([H])[H])(C([H])([H])[H])C([H])([H])[H])c([H])c(N([H])C(=O)c2c(Cl)c([H])c([H])c([H])c2Cl)c1[H],[H]OC([H])([H])C(=O)N([H])c1nc([H])c([H])c(N([H])C(=O)c2c(Cl)c([H])c([H])c([H])c2Cl)c1[H]
[H]c1nc(N([H])C(=O)C(C([H])([H])[H])(C([H])([H])[H])C([H])([H])[H])c([H])c(N([H])C(=O)c2c(Cl)c([H])c([H])c([H])c2Cl)c1[H],[H]c1nc(N([H])C(=O)C2([H])C([H])([H])C2([H])[H])c([H])c(N([H])C(=O)c2c(Cl)c([H])c([H])c([H])c2Cl)c1[H]
[H]c1nc(N([H])C(=O)C(C([H])([H])[H])(C([H])([H])[H])C([H])([H])[H])c([H])c(N([H])C(=O)c2c(Cl)c([H])c([H])c([H])c2Cl)c1[H],[H]c1nc(N([H])C(=O)N([H])C([H])([H])C([H])([H])[H])c([H])c(N([H])C(=O)c2c(Cl)c([H])c([H])c([H])c2Cl)c1[H]
[H]c1nc(N([H])C(=O)C(C([H])([H])[H])(C([H])([H])[H])C([H])([H])[H])c([H])c(N([H])C(=O)c2c(Cl)c([H])c([H])c([H])c2Cl)c1[H],[H]c1nc(N([H])C(=O)C([H])([H])C2([H])C([H])([H])C2([H])[H])c([H])c(N([H])C(=O)c2c(Cl)c([H])c([H])c([H])c2Cl)c1[H]
[H]c1nc(N([H])C(=O)C(C([H])([H])[H])(C([H])([H])[H])C([H])([H])[H])c([H])c(N([H])C(=O)c2c(Cl)c([H])c([H])c([H])c2Cl)c1[H],[H]c1nc(N([H])C(=O)C2([H])C([H])([H])C([H])([H])C2([H])[H])c([H])c(N([H])C(=O)c2c(Cl)c([H])c([H])c([H])c2Cl)c1[H]
[H]c1nc(N([H])C(=O)C(C([H])([H])[H])(C([H])([H])[H])C([H])([H])[H])c([H])c(N([H])C(=O)c2c(Cl)c([H])c([H])c([H])c2Cl)c1[H],[H]c1nc(N([H])C(=O)C([H])([H])[H])c([H])c(N([H])C(=O)c2c(Cl)c([H])c([H])c([H])c2Cl)c1[H]
[H]c1nc(N([H])C(=O)C(C([H])([H])[H])(C([H])([H])[H])C([H])([H])[H])c([H])c(N([H])C(=O)c2c(Cl)c([H])c([H])c([H])c2Cl)c1[H],[H]c1nc(N([H])C(=O)[C@@]2([H])C([H])([H])[C@@]2([H])C#N)c([H])c(N([H])C(=O)c2c(Cl)c([H])c([H])c([H])c2Cl)c1[H]
[H]c1nc(N([H])C(=O)C(C([H])([H])[H])(C([H])([H])[H])C([H])([H])[H])c([H])c(N([H])C(=O)c2c(Cl)c([H])c([H])c([H])c2Cl)c1[H],[H]c1nc(N([H])C(=O)[C@@]2([H])C([H])([H])[C@@]2([H])Cl)c([H])c(N([H])C(=O)c2c(Cl)c([H])c([H])c([H])c2Cl)c1[H]
[H]c1nc(N([H])C(=O)C(C([H])([H])[H])(C([H])([H])[H])C([H])([H])[H])c([H])c(N([H])C(=O)c2c(Cl)c([H])c([H])c([H])c2Cl)c1[H],[H]c1nc(N([H])C(=O)C2([H])C([H])([H])C([H])([H])C([H])([H])C2([H])[H])c([H])c(N([H])C(=O)c2c(Cl)c([H])c([H])c([H])c2Cl)c1[H]
[H]c1nc(N([H])C(=O)C(C([H])([H])[H])(C([H])([H])[H])C([H])([H])[H])c([H])c(N([H])C(=O)c2c(Cl)c([H])c([H])c([H])c2Cl)c1[H],[H]c1nc(N([H])C(=O)C([H])([H])C([H])([H])[H])c([H])c(N([H])C(=O)c2c(Cl)c([H])c([H])c([H])c2Cl)c1[H]
[H]c1nc(N([H])C(=O)C(C([H])([H])[H])(C([H])([H])[H])C([H])([H])[H])c([H])c(N([H])C(=O)c2c(Cl)c([H])c([H])c([H])c2Cl)c1[H],[H]c1nc(N([H])C(=O)[C@@]2([H])C([H])([H])[C@@]2([H])F)c([H])c(N([H])C(=O)c2c(Cl)c([H])c([H])c([H])c2Cl)c1[H]
[H]c1nc(N([H])C(=O)c2c([H])c([H])c([H])c([H])c2[H])c([H])c(N([H])C(=O)c2c(Cl)c([H])c([H])c([H])c2Cl)c1[H],[H]c1nc(N([H])C(=O)OC([H])([H])[H])c([H])c(N([H])C(=O)c2c(Cl)c([H])c([H])c([H])c2Cl)c1[H]
[H]c1nc(N([H])C(=O)c2c([H])c([H])c([H])c([H])c2[H])c([H])c(N([H])C(=O)c2c(Cl)c([H])c([H])c([H])c2Cl)c1[H],[H]c1nc(N([H])C(=O)[C@@]2([H])C([H])([H])[C@@]2([H])C([H])([H])[H])c([H])c(N([H])C(=O)c2c(Cl)c([H])c([H])c([H])c2Cl)c1[H]
[H]c1nc(N([H])C(=O)c2c([H])c([H])c([H])c([H])c2[H])c([H])c(N([H])C(=O)c2c(Cl)c([H])c([H])c([H])c2Cl)c1[H],[H]c1nc(N([H])C(=O)C([H])(C([H])([H])[H])C([H])([H])[H])c([H])c(N([H])C(=O)c2c(Cl)c([H])c([H])c([H])c2Cl)c1[H]
[H]c1nc(N([H])C(=O)c2c([H])c([H])c([H])c([H])c2[H])c([H])c(N([H])C(=O)c2c(Cl)c([H])c([H])c([H])c2Cl)c1[H],[H]OC([H])([H])C(=O)N([H])c1nc([H])c([H])c(N([H])C(=O)c2c(Cl)c([H])c([H])c([H])c2Cl)c1[H]
[H]c1nc(N([H])C(=O)c2c([H])c([H])c([H])c([H])c2[H])c([H])c(N([H])C(=O)c2c(Cl)c([H])c([H])c([H])c2Cl)c1[H],[H]c1nc(N([H])C(=O)C2([H])C([H])([H])C2([H])[H])c([H])c(N([H])C(=O)c2c(Cl)c([H])c([H])c([H])c2Cl)c1[H]
[H]c1nc(N([H])C(=O)c2c([H])c([H])c([H])c([H])c2[H])c([H])c(N([H])C(=O)c2c(Cl)c([H])c([H])c([H])c2Cl)c1[H],[H]c1nc(N([H])C(=O)N([H])C([H])([H])C([H])([H])[H])c([H])c(N([H])C(=O)c2c(Cl)c([H])c([H])c([H])c2Cl)c1[H]
[H]c1nc(N([H])C(=O)c2c([H])c([H])c([H])c([H])c2[H])c([H])c(N([H])C(=O)c2c(Cl)c([H])c([H])c([H])c2Cl)c1[H],[H]c1nc(N([H])C(=O)C([H])([H])C2([H])C([H])([H])C2([H])[H])c([H])c(N([H])C(=O)c2c(Cl)c([H])c([H])c([H])c2Cl)c1[H]
[H]c1nc(N([H])C(=O)c2c([H])c([H])c([H])c([H])c2[H])c([H])c(N([H])C(=O)c2c(Cl)c([H])c([H])c([H])c2Cl)c1[H],[H]c1nc(N([H])C(=O)C2([H])C([H])([H])C([H])([H])C2([H])[H])c([H])c(N([H])C(=O)c2c(Cl)c([H])c([H])c([H])c2Cl)c1[H]
[H]c1nc(N([H])C(=O)c2c([H])c([H])c([H])c([H])c2[H])c([H])c(N([H])C(=O)c2c(Cl)c([H])c([H])c([H])c2Cl)c1[H],[H]c1nc(N([H])C(=O)C([H])([H])[H])c([H])c(N([H])C(=O)c2c(Cl)c([H])c([H])c([H])c2Cl)c1[H]
[H]c1nc(N([H])C(=O)c2c([H])c([H])c([H])c([H])c2[H])c([H])c(N([H])C(=O)c2c(Cl)c([H])c([H])c([H])c2Cl)c1[H],[H]c1nc(N([H])C(=O)[C@@]2([H])C([H])([H])[C@@]2([H])C#N)c([H])c(N([H])C(=O)c2c(Cl)c([H])c([H])c([H])c2Cl)c1[H]
[H]c1nc(N([H])C(=O)c2c([H])c([H])c([H])c([H])c2[H])c([H])c(N([H])C(=O)c2c(Cl)c([H])c([H])c([H])c2Cl)c1[H],[H]c1nc(N([H])C(=O)[C@@]2([H])C([H])([H])[C@@]2([H])Cl)c([H])c(N([H])C(=O)c2c(Cl)c([H])c([H])c([H])c2Cl)c1[H]
[H]c1nc(N([H])C(=O)c2c([H])c([H])c([H])c([H])c2[H])c([H])c(N([H])C(=O)c2c(Cl)c([H])c([H])c([H])c2Cl)c1[H],[H]c1nc(N([H])C(=O)C2([H])C([H])([H])C([H])([H])C([H])([H])C2([H])[H])c([H])c(N([H])C(=O)c2c(Cl)c([H])c([H])c([H])c2Cl)c1[H]
[H]c1nc(N([H])C(=O)c2c([H])c([H])c([H])c([H])c2[H])c([H])c(N([H])C(=O)c2c(Cl)c([H])c([H])c([H])c2Cl)c1[H],[H]c1nc(N([H])C(=O)C([H])([H])C([H])([H])[H])c([H])c(N([H])C(=O)c2c(Cl)c([H])c([H])c([H])c2Cl)c1[H]
[H]c1nc(N([H])C(=O)c2c([H])c([H])c([H])c([H])c2[H])c([H])c(N([H])C(=O)c2c(Cl)c([H])c([H])c([H])c2Cl)c1[H],[H]c1nc(N([H])C(=O)[C@@]2([H])C([H])([H])[C@@]2([H])F)c([H])c(N([H])C(=O)c2c(Cl)c([H])c([H])c([H])c2Cl)c1[H]
[H]c1nc(N([H])C(=O)OC([H])([H])[H])c([H])c(N([H])C(=O)c2c(Cl)c([H])c([H])c([H])c2Cl)c1[H],[H]c1nc(N([H])C(=O)[C@@]2([H])C([H])([H])[C@@]2([H])C([H])([H])[H])c([H])c(N([H])C(=O)c2c(Cl)c([H])c([H])c([H])c2Cl)c1[H]
[H]c1nc(N([H])C(=O)OC([H])([H])[H])c([H])c(N([H])C(=O)c2c(Cl)c([H])c([H])c([H])c2Cl)c1[H],[H]c1nc(N([H])C(=O)C([H])(C([H])([H])[H])C([H])([H])[H])c([H])c(N([H])C(=O)c2c(Cl)c([H])c([H])c([H])c2Cl)c1[H]
[H]c1nc(N([H])C(=O)OC([H])([H])[H])c([H])c(N([H])C(=O)c2c(Cl)c([H])c([H])c([H])c2Cl)c1[H],[H]OC([H])([H])C(=O)N([H])c1nc([H])c([H])c(N([H])C(=O)c2c(Cl)c([H])c([H])c([H])c2Cl)c1[H]
[H]c1nc(N([H])C(=O)OC([H])([H])[H])c([H])c(N([H])C(=O)c2c(Cl)c([H])c([H])c([H])c2Cl)c1[H],[H]c1nc(N([H])C(=O)C2([H])C([H])([H])C2([H])[H])c([H])c(N([H])C(=O)c2c(Cl)c([H])c([H])c([H])c2Cl)c1[H]
[H]c1nc(N([H])C(=O)OC([H])([H])[H])c([H])c(N([H])C(=O)c2c(Cl)c([H])c([H])c([H])c2Cl)c1[H],[H]c1nc(N([H])C(=O)N([H])C([H])([H])C([H])([H])[H])c([H])c(N([H])C(=O)c2c(Cl)c([H])c([H])c([H])c2Cl)c1[H]
[H]c1nc(N([H])C(=O)OC([H])([H])[H])c([H])c(N([H])C(=O)c2c(Cl)c([H])c([H])c([H])c2Cl)c1[H],[H]c1nc(N([H])C(=O)C([H])([H])C2([H])C([H])([H])C2([H])[H])c([H])c(N([H])C(=O)c2c(Cl)c([H])c([H])c([H])c2Cl)c1[H]
[H]c1nc(N([H])C(=O)OC([H])([H])[H])c([H])c(N([H])C(=O)c2c(Cl)c([H])c([H])c([H])c2Cl)c1[H],[H]c1nc(N([H])C(=O)C2([H])C([H])([H])C([H])([H])C2([H])[H])c([H])c(N([H])C(=O)c2c(Cl)c([H])c([H])c([H])c2Cl)c1[H]
[H]c1nc(N([H])C(=O)OC([H])([H])[H])c([H])c(N([H])C(=O)c2c(Cl)c([H])c([H])c([H])c2Cl)c1[H],[H]c1nc(N([H])C(=O)C([H])([H])[H])c([H])c(N([H])C(=O)c2c(Cl)c([H])c([H])c([H])c2Cl)c1[H]
[H]c1nc(N([H])C(=O)OC([H])([H])[H])c([H])c(N([H])C(=O)c2c(Cl)c([H])c([H])c([H])c2Cl)c1[H],[H]c1nc(N([H])C(=O)[C@@]2([H])C([H])([H])[C@@]2([H])C#N)c([H])c(N([H])C(=O)c2c(Cl)c([H])c([H])c([H])c2Cl)c1[H]
[H]c1nc(N([H])C(=O)OC([H])([H])[H])c([H])c(N([H])C(=O)c2c(Cl)c([H])c([H])c([H])c2Cl)c1[H],[H]c1nc(N([H])C(=O)[C@@]2([H])C([H])([H])[C@@]2([H])Cl)c([H])c(N([H])C(=O)c2c(Cl)c([H])c([H])c([H])c2Cl)c1[H]
[H]c1nc(N([H])C(=O)OC([H])([H])[H])c([H])c(N([H])C(=O)c2c(Cl)c([H])c([H])c([H])c2Cl)c1[H],[H]c1nc(N([H])C(=O)C2([H])C([H])([H])C([H])([H])C([H])([H])C2([H])[H])c([H])c(N([H])C(=O)c2c(Cl)c([H])c([H])c([H])c2Cl)c1[H]
[H]c1nc(N([H])C(=O)OC([H])([H])[H])c([H])c(N([H])C(=O)c2c(Cl)c([H])c([H])c([H])c2Cl)c1[H],[H]c1nc(N([H])C(=O)C([H])([H])C([H])([H])[H])c([H])c(N([H])C(=O)c2c(Cl)c([H])c([H])c([H])c2Cl)c1[H]
[H]c1nc(N([H])C(=O)OC([H])([H])[H])c([H])c(N([H])C(=O)c2c(Cl)c([H])c([H])c([H])c2Cl)c1[H],[H]c1nc(N([H])C(=O)[C@@]2([H])C([H])([H])[C@@]2([H])F)c([H])c(N([H])C(=O)c2c(Cl)c([H])c([H])c([H])c2Cl)c1[H]
[H]c1nc(N([H])C(=O)[C@@]2([H])C([H])([H])[C@@]2([H])C([H])([H])[H])c([H])c(N([H])C(=O)c2c(Cl)c([H])c([H])c([H])c2Cl)c1[H],[H]c1nc(N([H])C(=O)C([H])(C([H])([H])[H])C([H])([H])[H])c([H])c(N([H])C(=O)c2c(Cl)c([H])c([H])c([H])c2Cl)c1[H]
[H]c1nc(N([H])C(=O)[C@@]2([H])C([H])([H])[C@@]2([H])C([H])([H])[H])c([H])c(N([H])C(=O)c2c(Cl)c([H])c([H])c([H])c2Cl)c1[H],[H]OC([H])([H])C(=O)N([H])c1nc([H])c([H])c(N([H])C(=O)c2c(Cl)c([H])c([H])c([H])c2Cl)c1[H]
[H]c1nc(N([H])C(=O)[C@@]2([H])C([H])([H])[C@@]2([H])C([H])([H])[H])c([H])c(N([H])C(=O)c2c(Cl)c([H])c([H])c([H])c2Cl)c1[H],[H]c1nc(N([H])C(=O)C2([H])C([H])([H])C2([H])[H])c([H])c(N([H])C(=O)c2c(Cl)c([H])c([H])c([H])c2Cl)c1[H]
[H]c1nc(N([H])C(=O)[C@@]2([H])C([H])([H])[C@@]2([H])C([H])([H])[H])c([H])c(N([H])C(=O)c2c(Cl)c([H])c([H])c([H])c2Cl)c1[H],[H]c1nc(N([H])C(=O)N([H])C([H])([H])C([H])([H])[H])c([H])c(N([H])C(=O)c2c(Cl)c([H])c([H])c([H])c2Cl)c1[H]
[H]c1nc(N([H])C(=O)[C@@]2([H])C([H])([H])[C@@]2([H])C([H])([H])[H])c([H])c(N([H])C(=O)c2c(Cl)c([H])c([H])c([H])c2Cl)c1[H],[H]c1nc(N([H])C(=O)C([H])([H])C2([H])C([H])([H])C2([H])[H])c([H])c(N([H])C(=O)c2c(Cl)c([H])c([H])c([H])c2Cl)c1[H]
[H]c1nc(N([H])C(=O)[C@@]2([H])C([H])([H])[C@@]2([H])C([H])([H])[H])c([H])c(N([H])C(=O)c2c(Cl)c([H])c([H])c([H])c2Cl)c1[H],[H]c1nc(N([H])C(=O)C2([H])C([H])([H])C([H])([H])C2([H])[H])c([H])c(N([H])C(=O)c2c(Cl)c([H])c([H])c([H])c2Cl)c1[H]
[H]c1nc(N([H])C(=O)[C@@]2([H])C([H])([H])[C@@]2([H])C([H])([H])[H])c([H])c(N([H])C(=O)c2c(Cl)c([H])c([H])c([H])c2Cl)c1[H],[H]c1nc(N([H])C(=O)C([H])([H])[H])c([H])c(N([H])C(=O)c2c(Cl)c([H])c([H])c([H])c2Cl)c1[H]
[H]c1nc(N([H])C(=O)[C@@]2([H])C([H])([H])[C@@]2([H])C([H])([H])[H])c([H])c(N([H])C(=O)c2c(Cl)c([H])c([H])c([H])c2Cl)c1[H],[H]c1nc(N([H])C(=O)[C@@]2([H])C([H])([H])[C@@]2([H])C#N)c([H])c(N([H])C(=O)c2c(Cl)c([H])c([H])c([H])c2Cl)c1[H]
[H]c1nc(N([H])C(=O)[C@@]2([H])C([H])([H])[C@@]2([H])C([H])([H])[H])c([H])c(N([H])C(=O)c2c(Cl)c([H])c([H])c([H])c2Cl)c1[H],[H]c1nc(N([H])C(=O)[C@@]2([H])C([H])([H])[C@@]2([H])Cl)c([H])c(N([H])C(=O)c2c(Cl)c([H])c([H])c([H])c2Cl)c1[H]
[H]c1nc(N([H])C(=O)[C@@]2([H])C([H])([H])[C@@]2([H])C([H])([H])[H])c([H])c(N([H])C(=O)c2c(Cl)c([H])c([H])c([H])c2Cl)c1[H],[H]c1nc(N([H])C(=O)C2([H])C([H])([H])C([H])([H])C([H])([H])C2([H])[H])c([H])c(N([H])C(=O)c2c(Cl)c([H])c([H])c([H])c2Cl)c1[H]
[H]c1nc(N([H])C(=O)[C@@]2([H])C([H])([H])[C@@]2([H])C([H])([H])[H])c([H])c(N([H])C(=O)c2c(Cl)c([H])c([H])c([H])c2Cl)c1[H],[H]c1nc(N([H])C(=O)C([H])([H])C([H])([H])[H])c([H])c(N([H])C(=O)c2c(Cl)c([H])c([H])c([H])c2Cl)c1[H]
[H]c1nc(N([H])C(=O)[C@@]2([H])C([H])([H])[C@@]2([H])C([H])([H])[H])c([H])c(N([H])C(=O)c2c(Cl)c([H])c([H])c([H])c2Cl)c1[H],[H]c1nc(N([H])C(=O)[C@@]2([H])C([H])([H])[C@@]2([H])F)c([H])c(N([H])C(=O)c2c(Cl)c([H])c([H])c([H])c2Cl)c1[H]
[H]c1nc(N([H])C(=O)C([H])(C([H])([H])[H])C([H])([H])[H])c([H])c(N([H])C(=O)c2c(Cl)c([H])c([H])c([H])c2Cl)c1[H],[H]OC([H])([H])C(=O)N([H])c1nc([H])c([H])c(N([H])C(=O)c2c(Cl)c([H])c([H])c([H])c2Cl)c1[H]
[H]c1nc(N([H])C(=O)C([H])(C([H])([H])[H])C([H])([H])[H])c([H])c(N([H])C(=O)c2c(Cl)c([H])c([H])c([H])c2Cl)c1[H],[H]c1nc(N([H])C(=O)C2([H])C([H])([H])C2([H])[H])c([H])c(N([H])C(=O)c2c(Cl)c([H])c([H])c([H])c2Cl)c1[H]
[H]c1nc(N([H])C(=O)C([H])(C([H])([H])[H])C([H])([H])[H])c([H])c(N([H])C(=O)c2c(Cl)c([H])c([H])c([H])c2Cl)c1[H],[H]c1nc(N([H])C(=O)N([H])C([H])([H])C([H])([H])[H])c([H])c(N([H])C(=O)c2c(Cl)c([H])c([H])c([H])c2Cl)c1[H]
[H]c1nc(N([H])C(=O)C([H])(C([H])([H])[H])C([H])([H])[H])c([H])c(N([H])C(=O)c2c(Cl)c([H])c([H])c([H])c2Cl)c1[H],[H]c1nc(N([H])C(=O)C([H])([H])C2([H])C([H])([H])C2([H])[H])c([H])c(N([H])C(=O)c2c(Cl)c([H])c([H])c([H])c2Cl)c1[H]
[H]c1nc(N([H])C(=O)C([H])(C([H])([H])[H])C([H])([H])[H])c([H])c(N([H])C(=O)c2c(Cl)c([H])c([H])c([H])c2Cl)c1[H],[H]c1nc(N([H])C(=O)C2([H])C([H])([H])C([H])([H])C2([H])[H])c([H])c(N([H])C(=O)c2c(Cl)c([H])c([H])c([H])c2Cl)c1[H]
[H]c1nc(N([H])C(=O)C([H])(C([H])([H])[H])C([H])([H])[H])c([H])c(N([H])C(=O)c2c(Cl)c([H])c([H])c([H])c2Cl)c1[H],[H]c1nc(N([H])C(=O)C([H])([H])[H])c([H])c(N([H])C(=O)c2c(Cl)c([H])c([H])c([H])c2Cl)c1[H]
[H]c1nc(N([H])C(=O)C([H])(C([H])([H])[H])C([H])([H])[H])c([H])c(N([H])C(=O)c2c(Cl)c([H])c([H])c([H])c2Cl)c1[H],[H]c1nc(N([H])C(=O)[C@@]2([H])C([H])([H])[C@@]2([H])C#N)c([H])c(N([H])C(=O)c2c(Cl)c([H])c([H])c([H])c2Cl)c1[H]
[H]c1nc(N([H])C(=O)C([H])(C([H])([H])[H])C([H])([H])[H])c([H])c(N([H])C(=O)c2c(Cl)c([H])c([H])c([H])c2Cl)c1[H],[H]c1nc(N([H])C(=O)[C@@]2([H])C([H])([H])[C@@]2([H])Cl)c([H])c(N([H])C(=O)c2c(Cl)c([H])c([H])c([H])c2Cl)c1[H]
[H]c1nc(N([H])C(=O)C([H])(C([H])([H])[H])C([H])([H])[H])c([H])c(N([H])C(=O)c2c(Cl)c([H])c([H])c([H])c2Cl)c1[H],[H]c1nc(N([H])C(=O)C2([H])C([H])([H])C([H])([H])C([H])([H])C2([H])[H])c([H])c(N([H])C(=O)c2c(Cl)c([H])c([H])c([H])c2Cl)c1[H]
[H]c1nc(N([H])C(=O)C([H])(C([H])([H])[H])C([H])([H])[H])c([H])c(N([H])C(=O)c2c(Cl)c([H])c([H])c([H])c2Cl)c1[H],[H]c1nc(N([H])C(=O)C([H])([H])C([H])([H])[H])c([H])c(N([H])C(=O)c2c(Cl)c([H])c([H])c([H])c2Cl)c1[H]
[H]c1nc(N([H])C(=O)C([H])(C([H])([H])[H])C([H])([H])[H])c([H])c(N([H])C(=O)c2c(Cl)c([H])c([H])c([H])c2Cl)c1[H],[H]c1nc(N([H])C(=O)[C@@]2([H])C([H])([H])[C@@]2([H])F)c([H])c(N([H])C(=O)c2c(Cl)c([H])c([H])c([H])c2Cl)c1[H]
[H]OC([H])([H])C(=O)N([H])c1nc([H])c([H])c(N([H])C(=O)c2c(Cl)c([H])c([H])c([H])c2Cl)c1[H],[H]c1nc(N([H])C(=O)C2([H])C([H])([H])C2([H])[H])c([H])c(N([H])C(=O)c2c(Cl)c([H])c([H])c([H])c2Cl)c1[H]
[H]OC([H])([H])C(=O)N([H])c1nc([H])c([H])c(N([H])C(=O)c2c(Cl)c([H])c([H])c([H])c2Cl)c1[H],[H]c1nc(N([H])C(=O)N([H])C([H])([H])C([H])([H])[H])c([H])c(N([H])C(=O)c2c(Cl)c([H])c([H])c([H])c2Cl)c1[H]
[H]OC([H])([H])C(=O)N([H])c1nc([H])c([H])c(N([H])C(=O)c2c(Cl)c([H])c([H])c([H])c2Cl)c1[H],[H]c1nc(N([H])C(=O)C([H])([H])C2([H])C([H])([H])C2([H])[H])c([H])c(N([H])C(=O)c2c(Cl)c([H])c([H])c([H])c2Cl)c1[H]
[H]OC([H])([H])C(=O)N([H])c1nc([H])c([H])c(N([H])C(=O)c2c(Cl)c([H])c([H])c([H])c2Cl)c1[H],[H]c1nc(N([H])C(=O)C2([H])C([H])([H])C([H])([H])C2([H])[H])c([H])c(N([H])C(=O)c2c(Cl)c([H])c([H])c([H])c2Cl)c1[H]
[H]OC([H])([H])C(=O)N([H])c1nc([H])c([H])c(N([H])C(=O)c2c(Cl)c([H])c([H])c([H])c2Cl)c1[H],[H]c1nc(N([H])C(=O)C([H])([H])[H])c([H])c(N([H])C(=O)c2c(Cl)c([H])c([H])c([H])c2Cl)c1[H]
[H]OC([H])([H])C(=O)N([H])c1nc([H])c([H])c(N([H])C(=O)c2c(Cl)c([H])c([H])c([H])c2Cl)c1[H],[H]c1nc(N([H])C(=O)[C@@]2([H])C([H])([H])[C@@]2([H])C#N)c([H])c(N([H])C(=O)c2c(Cl)c([H])c([H])c([H])c2Cl)c1[H]
[H]OC([H])([H])C(=O)N([H])c1nc([H])c([H])c(N([H])C(=O)c2c(Cl)c([H])c([H])c([H])c2Cl)c1[H],[H]c1nc(N([H])C(=O)[C@@]2([H])C([H])([H])[C@@]2([H])Cl)c([H])c(N([H])C(=O)c2c(Cl)c([H])c([H])c([H])c2Cl)c1[H]
[H]OC([H])([H])C(=O)N([H])c1nc([H])c([H])c(N([H])C(=O)c2c(Cl)c([H])c([H])c([H])c2Cl)c1[H],[H]c1nc(N([H])C(=O)C2([H])C([H])([H])C([H])([H])C([H])([H])C2([H])[H])c([H])c(N([H])C(=O)c2c(Cl)c([H])c([H])c([H])c2Cl)c1[H]
[H]OC([H])([H])C(=O)N([H])c1nc([H])c([H])c(N([H])C(=O)c2c(Cl)c([H])c([H])c([H])c2Cl)c1[H],[H]c1nc(N([H])C(=O)C([H])([H])C([H])([H])[H])c([H])c(N([H])C(=O)c2c(Cl)c([H])c([H])c([H])c2Cl)c1[H]
[H]OC([H])([H])C(=O)N([H])c1nc([H])c([H])c(N([H])C(=O)c2c(Cl)c([H])c([H])c([H])c2Cl)c1[H],[H]c1nc(N([H])C(=O)[C@@]2([H])C([H])([H])[C@@]2([H])F)c([H])c(N([H])C(=O)c2c(Cl)c([H])c([H])c([H])c2Cl)c1[H]
[H]c1nc(N([H])C(=O)C2([H])C([H])([H])C2([H])[H])c([H])c(N([H])C(=O)c2c(Cl)c([H])c([H])c([H])c2Cl)c1[H],[H]c1nc(N([H])C(=O)N([H])C([H])([H])C([H])([H])[H])c([H])c(N([H])C(=O)c2c(Cl)c([H])c([H])c([H])c2Cl)c1[H]
[H]c1nc(N([H])C(=O)C2([H])C([H])([H])C2([H])[H])c([H])c(N([H])C(=O)c2c(Cl)c([H])c([H])c([H])c2Cl)c1[H],[H]c1nc(N([H])C(=O)C([H])([H])C2([H])C([H])([H])C2([H])[H])c([H])c(N([H])C(=O)c2c(Cl)c([H])c([H])c([H])c2Cl)c1[H]
[H]c1nc(N([H])C(=O)C2([H])C([H])([H])C2([H])[H])c([H])c(N([H])C(=O)c2c(Cl)c([H])c([H])c([H])c2Cl)c1[H],[H]c1nc(N([H])C(=O)C2([H])C([H])([H])C([H])([H])C2([H])[H])c([H])c(N([H])C(=O)c2c(Cl)c([H])c([H])c([H])c2Cl)c1[H]
[H]c1nc(N([H])C(=O)C2([H])C([H])([H])C2([H])[H])c([H])c(N([H])C(=O)c2c(Cl)c([H])c([H])c([H])c2Cl)c1[H],[H]c1nc(N([H])C(=O)C([H])([H])[H])c([H])c(N([H])C(=O)c2c(Cl)c([H])c([H])c([H])c2Cl)c1[H]
[H]c1nc(N([H])C(=O)C2([H])C([H])([H])C2([H])[H])c([H])c(N([H])C(=O)c2c(Cl)c([H])c([H])c([H])c2Cl)c1[H],[H]c1nc(N([H])C(=O)[C@@]2([H])C([H])([H])[C@@]2([H])C#N)c([H])c(N([H])C(=O)c2c(Cl)c([H])c([H])c([H])c2Cl)c1[H]
[H]c1nc(N([H])C(=O)C2([H])C([H])([H])C2([H])[H])c([H])c(N([H])C(=O)c2c(Cl)c([H])c([H])c([H])c2Cl)c1[H],[H]c1nc(N([H])C(=O)[C@@]2([H])C([H])([H])[C@@]2([H])Cl)c([H])c(N([H])C(=O)c2c(Cl)c([H])c([H])c([H])c2Cl)c1[H]
[H]c1nc(N([H])C(=O)C2([H])C([H])([H])C2([H])[H])c([H])c(N([H])C(=O)c2c(Cl)c([H])c([H])c([H])c2Cl)c1[H],[H]c1nc(N([H])C(=O)C2([H])C([H])([H])C([H])([H])C([H])([H])C2([H])[H])c([H])c(N([H])C(=O)c2c(Cl)c([H])c([H])c([H])c2Cl)c1[H]
[H]c1nc(N([H])C(=O)C2([H])C([H])([H])C2([H])[H])c([H])c(N([H])C(=O)c2c(Cl)c([H])c([H])c([H])c2Cl)c1[H],[H]c1nc(N([H])C(=O)C([H])([H])C([H])([H])[H])c([H])c(N([H])C(=O)c2c(Cl)c([H])c([H])c([H])c2Cl)c1[H]
[H]c1nc(N([H])C(=O)C2([H])C([H])([H])C2([H])[H])c([H])c(N([H])C(=O)c2c(Cl)c([H])c([H])c([H])c2Cl)c1[H],[H]c1nc(N([H])C(=O)[C@@]2([H])C([H])([H])[C@@]2([H])F)c([H])c(N([H])C(=O)c2c(Cl)c([H])c([H])c([H])c2Cl)c1[H]
[H]c1nc(N([H])C(=O)N([H])C([H])([H])C([H])([H])[H])c([H])c(N([H])C(=O)c2c(Cl)c([H])c([H])c([H])c2Cl)c1[H],[H]c1nc(N([H])C(=O)C([H])([H])C2([H])C([H])([H])C2([H])[H])c([H])c(N([H])C(=O)c2c(Cl)c([H])c([H])c([H])c2Cl)c1[H]
[H]c1nc(N([H])C(=O)N([H])C([H])([H])C([H])([H])[H])c([H])c(N([H])C(=O)c2c(Cl)c([H])c([H])c([H])c2Cl)c1[H],[H]c1nc(N([H])C(=O)C2([H])C([H])([H])C([H])([H])C2([H])[H])c([H])c(N([H])C(=O)c2c(Cl)c([H])c([H])c([H])c2Cl)c1[H]
[H]c1nc(N([H])C(=O)N([H])C([H])([H])C([H])([H])[H])c([H])c(N([H])C(=O)c2c(Cl)c([H])c([H])c([H])c2Cl)c1[H],[H]c1nc(N([H])C(=O)C([H])([H])[H])c([H])c(N([H])C(=O)c2c(Cl)c([H])c([H])c([H])c2Cl)c1[H]
[H]c1nc(N([H])C(=O)N([H])C([H])([H])C([H])([H])[H])c([H])c(N([H])C(=O)c2c(Cl)c([H])c([H])c([H])c2Cl)c1[H],[H]c1nc(N([H])C(=O)[C@@]2([H])C([H])([H])[C@@]2([H])C#N)c([H])c(N([H])C(=O)c2c(Cl)c([H])c([H])c([H])c2Cl)c1[H]
[H]c1nc(N([H])C(=O)N([H])C([H])([H])C([H])([H])[H])c([H])c(N([H])C(=O)c2c(Cl)c([H])c([H])c([H])c2Cl)c1[H],[H]c1nc(N([H])C(=O)[C@@]2([H])C([H])([H])[C@@]2([H])Cl)c([H])c(N([H])C(=O)c2c(Cl)c([H])c([H])c([H])c2Cl)c1[H]
[H]c1nc(N([H])C(=O)N([H])C([H])([H])C([H])([H])[H])c([H])c(N([H])C(=O)c2c(Cl)c([H])c([H])c([H])c2Cl)c1[H],[H]c1nc(N([H])C(=O)C2([H])C([H])([H])C([H])([H])C([H])([H])C2([H])[H])c([H])c(N([H])C(=O)c2c(Cl)c([H])c([H])c([H])c2Cl)c1[H]
[H]c1nc(N([H])C(=O)N([H])C([H])([H])C([H])([H])[H])c([H])c(N([H])C(=O)c2c(Cl)c([H])c([H])c([H])c2Cl)c1[H],[H]c1nc(N([H])C(=O)C([H])([H])C([H])([H])[H])c([H])c(N([H])C(=O)c2c(Cl)c([H])c([H])c([H])c2Cl)c1[H]
[H]c1nc(N([H])C(=O)N([H])C([H])([H])C([H])([H])[H])c([H])c(N([H])C(=O)c2c(Cl)c([H])c([H])c([H])c2Cl)c1[H],[H]c1nc(N([H])C(=O)[C@@]2([H])C([H])([H])[C@@]2([H])F)c([H])c(N([H])C(=O)c2c(Cl)c([H])c([H])c([H])c2Cl)c1[H]
[H]c1nc(N([H])C(=O)C([H])([H])C2([H])C([H])([H])C2([H])[H])c([H])c(N([H])C(=O)c2c(Cl)c([H])c([H])c([H])c2Cl)c1[H],[H]c1nc(N([H])C(=O)C2([H])C([H])([H])C([H])([H])C2([H])[H])c([H])c(N([H])C(=O)c2c(Cl)c([H])c([H])c([H])c2Cl)c1[H]
[H]c1nc(N([H])C(=O)C([H])([H])C2([H])C([H])([H])C2([H])[H])c([H])c(N([H])C(=O)c2c(Cl)c([H])c([H])c([H])c2Cl)c1[H],[H]c1nc(N([H])C(=O)C([H])([H])[H])c([H])c(N([H])C(=O)c2c(Cl)c([H])c([H])c([H])c2Cl)c1[H]
[H]c1nc(N([H])C(=O)C([H])([H])C2([H])C([H])([H])C2([H])[H])c([H])c(N([H])C(=O)c2c(Cl)c([H])c([H])c([H])c2Cl)c1[H],[H]c1nc(N([H])C(=O)[C@@]2([H])C([H])([H])[C@@]2([H])C#N)c([H])c(N([H])C(=O)c2c(Cl)c([H])c([H])c([H])c2Cl)c1[H]
[H]c1nc(N([H])C(=O)C([H])([H])C2([H])C([H])([H])C2([H])[H])c([H])c(N([H])C(=O)c2c(Cl)c([H])c([H])c([H])c2Cl)c1[H],[H]c1nc(N([H])C(=O)[C@@]2([H])C([H])([H])[C@@]2([H])Cl)c([H])c(N([H])C(=O)c2c(Cl)c([H])c([H])c([H])c2Cl)c1[H]
[H]c1nc(N([H])C(=O)C([H])([H])C2([H])C([H])([H])C2([H])[H])c([H])c(N([H])C(=O)c2c(Cl)c([H])c([H])c([H])c2Cl)c1[H],[H]c1nc(N([H])C(=O)C2([H])C([H])([H])C([H])([H])C([H])([H])C2([H])[H])c([H])c(N([H])C(=O)c2c(Cl)c([H])c([H])c([H])c2Cl)c1[H]
[H]c1nc(N([H])C(=O)C([H])([H])C2([H])C([H])([H])C2([H])[H])c([H])c(N([H])C(=O)c2c(Cl)c([H])c([H])c([H])c2Cl)c1[H],[H]c1nc(N([H])C(=O)C([H])([H])C([H])([H])[H])c([H])c(N([H])C(=O)c2c(Cl)c([H])c([H])c([H])c2Cl)c1[H]
[H]c1nc(N([H])C(=O)C([H])([H])C2([H])C([H])([H])C2([H])[H])c([H])c(N([H])C(=O)c2c(Cl)c([H])c([H])c([H])c2Cl)c1[H],[H]c1nc(N([H])C(=O)[C@@]2([H])C([H])([H])[C@@]2([H])F)c([H])c(N([H])C(=O)c2c(Cl)c([H])c([H])c([H])c2Cl)c1[H]
[H]c1nc(N([H])C(=O)C2([H])C([H])([H])C([H])([H])C2([H])[H])c([H])c(N([H])C(=O)c2c(Cl)c([H])c([H])c([H])c2Cl)c1[H],[H]c1nc(N([H])C(=O)C([H])([H])[H])c([H])c(N([H])C(=O)c2c(Cl)c([H])c([H])c([H])c2Cl)c1[H]
[H]c1nc(N([H])C(=O)C2([H])C([H])([H])C([H])([H])C2([H])[H])c([H])c(N([H])C(=O)c2c(Cl)c([H])c([H])c([H])c2Cl)c1[H],[H]c1nc(N([H])C(=O)[C@@]2([H])C([H])([H])[C@@]2([H])C#N)c([H])c(N([H])C(=O)c2c(Cl)c([H])c([H])c([H])c2Cl)c1[H]
[H]c1nc(N([H])C(=O)C2([H])C([H])([H])C([H])([H])C2([H])[H])c([H])c(N([H])C(=O)c2c(Cl)c([H])c([H])c([H])c2Cl)c1[H],[H]c1nc(N([H])C(=O)[C@@]2([H])C([H])([H])[C@@]2([H])Cl)c([H])c(N([H])C(=O)c2c(Cl)c([H])c([H])c([H])c2Cl)c1[H]
[H]c1nc(N([H])C(=O)C2([H])C([H])([H])C([H])([H])C2([H])[H])c([H])c(N([H])C(=O)c2c(Cl)c([H])c([H])c([H])c2Cl)c1[H],[H]c1nc(N([H])C(=O)C2([H])C([H])([H])C([H])([H])C([H])([H])C2([H])[H])c([H])c(N([H])C(=O)c2c(Cl)c([H])c([H])c([H])c2Cl)c1[H]
[H]c1nc(N([H])C(=O)C2([H])C([H])([H])C([H])([H])C2([H])[H])c([H])c(N([H])C(=O)c2c(Cl)c([H])c([H])c([H])c2Cl)c1[H],[H]c1nc(N([H])C(=O)C([H])([H])C([H])([H])[H])c([H])c(N([H])C(=O)c2c(Cl)c([H])c([H])c([H])c2Cl)c1[H]
[H]c1nc(N([H])C(=O)C2([H])C([H])([H])C([H])([H])C2([H])[H])c([H])c(N([H])C(=O)c2c(Cl)c([H])c([H])c([H])c2Cl)c1[H],[H]c1nc(N([H])C(=O)[C@@]2([H])C([H])([H])[C@@]2([H])F)c([H])c(N([H])C(=O)c2c(Cl)c([H])c([H])c([H])c2Cl)c1[H]
[H]c1nc(N([H])C(=O)C([H])([H])[H])c([H])c(N([H])C(=O)c2c(Cl)c([H])c([H])c([H])c2Cl)c1[H],[H]c1nc(N([H])C(=O)[C@@]2([H])C([H])([H])[C@@]2([H])C#N)c([H])c(N([H])C(=O)c2c(Cl)c([H])c([H])c([H])c2Cl)c1[H]
[H]c1nc(N([H])C(=O)C([H])([H])[H])c([H])c(N([H])C(=O)c2c(Cl)c([H])c([H])c([H])c2Cl)c1[H],[H]c1nc(N([H])C(=O)[C@@]2([H])C([H])([H])[C@@]2([H])Cl)c([H])c(N([H])C(=O)c2c(Cl)c([H])c([H])c([H])c2Cl)c1[H]
[H]c1nc(N([H])C(=O)C([H])([H])[H])c([H])c(N([H])C(=O)c2c(Cl)c([H])c([H])c([H])c2Cl)c1[H],[H]c1nc(N([H])C(=O)C2([H])C([H])([H])C([H])([H])C([H])([H])C2([H])[H])c([H])c(N([H])C(=O)c2c(Cl)c([H])c([H])c([H])c2Cl)c1[H]
[H]c1nc(N([H])C(=O)C([H])([H])[H])c([H])c(N([H])C(=O)c2c(Cl)c([H])c([H])c([H])c2Cl)c1[H],[H]c1nc(N([H])C(=O)C([H])([H])C([H])([H])[H])c([H])c(N([H])C(=O)c2c(Cl)c([H])c([H])c([H])c2Cl)c1[H]
[H]c1nc(N([H])C(=O)C([H])([H])[H])c([H])c(N([H])C(=O)c2c(Cl)c([H])c([H])c([H])c2Cl)c1[H],[H]c1nc(N([H])C(=O)[C@@]2([H])C([H])([H])[C@@]2([H])F)c([H])c(N([H])C(=O)c2c(Cl)c([H])c([H])c([H])c2Cl)c1[H]
[H]c1nc(N([H])C(=O)[C@@]2([H])C([H])([H])[C@@]2([H])C#N)c([H])c(N([H])C(=O)c2c(Cl)c([H])c([H])c([H])c2Cl)c1[H],[H]c1nc(N([H])C(=O)[C@@]2([H])C([H])([H])[C@@]2([H])Cl)c([H])c(N([H])C(=O)c2c(Cl)c([H])c([H])c([H])c2Cl)c1[H]
[H]c1nc(N([H])C(=O)[C@@]2([H])C([H])([H])[C@@]2([H])C#N)c([H])c(N([H])C(=O)c2c(Cl)c([H])c([H])c([H])c2Cl)c1[H],[H]c1nc(N([H])C(=O)C2([H])C([H])([H])C([H])([H])C([H])([H])C2([H])[H])c([H])c(N([H])C(=O)c2c(Cl)c([H])c([H])c([H])c2Cl)c1[H]
[H]c1nc(N([H])C(=O)[C@@]2([H])C([H])([H])[C@@]2([H])C#N)c([H])c(N([H])C(=O)c2c(Cl)c([H])c([H])c([H])c2Cl)c1[H],[H]c1nc(N([H])C(=O)C([H])([H])C([H])([H])[H])c([H])c(N([H])C(=O)c2c(Cl)c([H])c([H])c([H])c2Cl)c1[H]
[H]c1nc(N([H])C(=O)[C@@]2([H])C([H])([H])[C@@]2([H])C#N)c([H])c(N([H])C(=O)c2c(Cl)c([H])c([H])c([H])c2Cl)c1[H],[H]c1nc(N([H])C(=O)[C@@]2([H])C([H])([H])[C@@]2([H])F)c([H])c(N([H])C(=O)c2c(Cl)c([H])c([H])c([H])c2Cl)c1[H]
[H]c1nc(N([H])C(=O)[C@@]2([H])C([H])([H])[C@@]2([H])Cl)c([H])c(N([H])C(=O)c2c(Cl)c([H])c([H])c([H])c2Cl)c1[H],[H]c1nc(N([H])C(=O)C2([H])C([H])([H])C([H])([H])C([H])([H])C2([H])[H])c([H])c(N([H])C(=O)c2c(Cl)c([H])c([H])c([H])c2Cl)c1[H]
[H]c1nc(N([H])C(=O)[C@@]2([H])C([H])([H])[C@@]2([H])Cl)c([H])c(N([H])C(=O)c2c(Cl)c([H])c([H])c([H])c2Cl)c1[H],[H]c1nc(N([H])C(=O)C([H])([H])C([H])([H])[H])c([H])c(N([H])C(=O)c2c(Cl)c([H])c([H])c([H])c2Cl)c1[H]
[H]c1nc(N([H])C(=O)[C@@]2([H])C([H])([H])[C@@]2([H])Cl)c([H])c(N([H])C(=O)c2c(Cl)c([H])c([H])c([H])c2Cl)c1[H],[H]c1nc(N([H])C(=O)[C@@]2([H])C([H])([H])[C@@]2([H])F)c([H])c(N([H])C(=O)c2c(Cl)c([H])c([H])c([H])c2Cl)c1[H]
[H]c1nc(N([H])C(=O)C2([H])C([H])([H])C([H])([H])C([H])([H])C2([H])[H])c([H])c(N([H])C(=O)c2c(Cl)c([H])c([H])c([H])c2Cl)c1[H],[H]c1nc(N([H])C(=O)C([H])([H])C([H])([H])[H])c([H])c(N([H])C(=O)c2c(Cl)c([H])c([H])c([H])c2Cl)c1[H]
[H]c1nc(N([H])C(=O)C2([H])C([H])([H])C([H])([H])C([H])([H])C2([H])[H])c([H])c(N([H])C(=O)c2c(Cl)c([H])c([H])c([H])c2Cl)c1[H],[H]c1nc(N([H])C(=O)[C@@]2([H])C([H])([H])[C@@]2([H])F)c([H])c(N([H])C(=O)c2c(Cl)c([H])c([H])c([H])c2Cl)c1[H]
[H]c1nc(N([H])C(=O)C([H])([H])C([H])([H])[H])c([H])c(N([H])C(=O)c2c(Cl)c([H])c([H])c([H])c2Cl)c1[H],[H]c1nc(N([H])C(=O)[C@@]2([H])C([H])([H])[C@@]2([H])F)c([H])c(N([H])C(=O)c2c(Cl)c([H])c([H])c([H])c2Cl)c1[H]
